Date,Revenue_MAD,Margin_MAD,Energy_kWh,CO2_Emissions_kg,Absenteeism_Pct,Customer_Satisfaction
2024-01-01,3256.96,494.53,152.15,35.0,0.58,84.7
2024-01-02,2948.08,711.75,149.05,34.28,3.15,83.19
2024-01-03,3349.65,541.89,169.93,39.08,4.44,85.78
2024-01-04,3795.92,788.23,146.26,33.64,3.99,81.97
2024-01-05,2925.91,519.07,157.93,36.32,3.17,80.48
2024-01-06,2934.48,602.79,159.53,36.69,2.61,87.49
2024-01-07,3849.71,828.23,140.24,32.26,3.65,87.52
2024-01-08,3452.36,804.31,173.96,40.01,2.22,81.78
2024-01-09,2842.42,485.04,151.13,34.76,3.38,88.58
2024-01-10,3356.93,507.23,140.02,32.21,3.4,82.47
2024-01-11,2862.4,468.54,166.38,38.27,3.85,86.01
2024-01-12,2869.69,688.73,138.18,31.78,5.21,88.28
2024-01-13,3231.94,767.23,157.22,36.16,3.31,84.87
2024-01-14,2162.7,453.61,156.98,36.1,2.59,86.82
2024-01-15,2265.22,475.81,179.38,41.26,2.98,82.93
2024-01-16,2854.84,618.08,167.65,38.56,1.58,84.21
2024-01-17,2637.83,441.93,158.15,36.38,2.44,84.18
2024-01-18,3309.58,799.07,175.5,40.37,2.67,82.01
2024-01-19,2706.62,519.34,187.44,43.11,2.58,84.29
2024-01-20,2462.61,463.74,171.28,39.39,3.12,78.81
2024-01-21,3909.66,789.33,160.82,36.99,2.34,83.04
2024-01-22,3071.97,475.22,134.86,31.02,3.9,83.86
2024-01-23,3226.6,537.64,140.27,32.26,3.0,83.98
2024-01-24,2488.37,556.91,155.94,35.87,2.99,84.03
2024-01-25,2936.41,464.77,150.33,34.57,2.74,84.75
2024-01-26,3271.85,688.12,159.24,36.63,3.12,86.92
2024-01-27,2648.62,462.28,164.58,37.85,3.66,88.5
2024-01-28,3419.62,646.07,174.5,40.14,2.31,82.4
2024-01-29,2939.05,525.71,162.95,37.48,2.47,80.19
2024-01-30,3101.04,575.45,174.54,40.14,2.76,80.83
2024-01-31,2953.48,655.39,166.55,38.31,1.92,83.05
2024-02-01,4187.85,752.61,126.19,29.02,2.34,83.59
2024-02-02,3262.25,674.11,147.35,33.89,2.62,81.92
2024-02-03,2747.36,542.89,163.69,37.65,3.7,79.82
2024-02-04,3694.62,799.39,142.81,32.85,3.21,83.18
2024-02-05,2679.98,653.07,179.42,41.27,3.15,85.73
2024-02-06,3401.8,759.48,198.46,45.65,3.68,87.38
2024-02-07,2324.4,398.62,192.63,44.3,2.89,82.77
2024-02-08,2646.93,405.29,164.39,37.81,3.31,83.35
2024-02-09,3416.15,602.02,198.88,45.74,2.92,81.29
2024-02-10,3693.55,773.83,172.43,39.66,3.21,84.87
2024-02-11,3416.5,530.04,163.11,37.51,2.53,81.61
2024-02-12,3279.4,654.69,157.97,36.33,1.05,87.29
2024-02-13,3192.97,669.52,164.56,37.85,2.89,77.86
2024-02-14,2610.47,478.82,163.22,37.54,4.14,83.56
2024-02-15,2995.91,680.34,174.76,40.19,3.74,86.2
2024-02-16,3131.5,503.11,174.92,40.23,3.77,85.74
2024-02-17,3896.27,613.72,172.12,39.59,3.99,95.77
2024-02-18,3545.3,789.96,181.15,41.66,3.07,86.4
2024-02-19,2497.63,498.4,196.56,45.21,3.16,80.98
2024-02-20,3546.75,776.17,192.07,44.18,2.51,84.62
2024-02-21,3197.61,618.68,143.71,33.05,2.75,77.9
2024-02-22,3057.01,533.88,122.65,28.21,3.49,84.68
2024-02-23,3706.52,859.58,192.73,44.33,3.96,81.67
2024-02-24,3921.27,901.66,147.01,33.81,2.89,88.66
2024-02-25,3876.38,850.75,170.15,39.13,2.64,82.8
2024-02-26,2995.98,530.93,151.53,34.85,3.0,84.53
2024-02-27,3265.7,682.61,139.18,32.01,3.48,82.46
2024-02-28,3590.54,668.19,186.32,42.85,1.84,91.96
2024-02-29,3917.15,623.45,190.95,43.92,1.16,83.72
2024-03-01,3194.14,772.12,164.49,37.83,2.56,92.33
2024-03-02,3345.12,547.53,124.46,28.62,2.02,88.26
2024-03-03,2888.87,707.84,165.6,38.09,2.59,86.93
2024-03-04,2847.89,554.2,184.6,42.46,2.88,86.47
2024-03-05,3856.08,649.8,147.41,33.9,2.64,86.58
2024-03-06,4131.63,843.64,180.88,41.6,4.16,77.29
2024-03-07,3421.06,811.8,177.12,40.74,3.26,83.88
2024-03-08,3962.25,884.46,189.21,43.52,3.24,88.38
2024-03-09,3644.59,840.65,180.22,41.45,3.5,84.8
2024-03-10,3144.36,678.8,158.55,36.47,2.09,79.38
2024-03-11,3650.63,800.32,202.13,46.49,3.83,84.79
2024-03-12,4241.82,996.49,175.2,40.3,2.94,91.82
2024-03-13,3457.62,604.97,177.99,40.94,3.54,89.99
2024-03-14,4260.44,847.58,160.02,36.8,2.14,84.75
2024-03-15,2170.69,373.62,169.97,39.09,1.76,88.81
2024-03-16,3893.82,968.65,161.28,37.09,3.65,83.53
2024-03-17,3528.56,862.4,175.64,40.4,3.3,78.18
2024-03-18,3337.55,513.79,213.46,49.1,2.28,81.3
2024-03-19,3534.8,779.63,151.9,34.94,2.3,91.25
2024-03-20,2496.87,605.55,147.17,33.85,3.9,83.9
2024-03-21,3382.4,568.44,208.96,48.06,2.05,84.03
2024-03-22,3672.23,759.4,175.43,40.35,4.31,83.8
2024-03-23,4233.91,1022.7,166.32,38.25,2.28,92.62
2024-03-24,3236.98,496.53,200.56,46.13,3.51,91.5
2024-03-25,3092.86,679.63,167.71,38.57,2.74,93.88
2024-03-26,3247.08,583.61,216.4,49.77,3.48,84.36
2024-03-27,3956.36,959.18,193.48,44.5,2.56,86.18
2024-03-28,3663.59,905.3,170.19,39.14,2.87,78.93
2024-03-29,3234.74,790.66,223.12,51.32,3.03,90.91
2024-03-30,3756.52,741.62,167.88,38.61,2.2,80.33
2024-03-31,3548.53,838.18,194.84,44.81,3.59,85.87
2024-04-01,3984.28,934.13,185.98,42.78,2.59,80.61
2024-04-02,3148.75,572.79,206.02,47.38,2.82,82.64
2024-04-03,3335.61,776.84,211.2,48.58,2.2,81.65
2024-04-04,3302.9,507.66,180.58,41.53,0.95,82.57
2024-04-05,2766.57,579.95,164.83,37.91,2.85,82.84
2024-04-06,3645.61,630.69,189.05,43.48,4.93,82.81
2024-04-07,3627.16,587.8,166.24,38.24,3.63,88.33
2024-04-08,3498.11,551.64,220.0,50.6,2.98,80.58
2024-04-09,3377.05,741.7,182.39,41.95,2.79,85.88
2024-04-10,2785.29,512.46,172.27,39.62,3.02,89.87
2024-04-11,3281.14,729.98,183.18,42.13,3.44,82.95
2024-04-12,3318.45,519.46,152.45,35.06,2.06,82.13
2024-04-13,3086.87,560.36,159.85,36.77,3.89,84.08
2024-04-14,3405.42,694.53,203.17,46.73,3.57,89.72
2024-04-15,3685.99,844.36,165.9,38.16,3.57,85.78
2024-04-16,4424.83,804.77,157.97,36.33,3.35,82.88
2024-04-17,3566.65,758.23,189.49,43.58,3.02,86.94
2024-04-18,3605.62,860.29,202.32,46.53,3.54,80.59
2024-04-19,3436.96,727.21,192.83,44.35,3.47,87.73
2024-04-20,2511.99,435.32,198.2,45.59,2.72,86.63
2024-04-21,3455.18,526.71,162.97,37.48,2.54,83.77
2024-04-22,3495.48,828.46,149.49,34.38,3.08,81.65
2024-04-23,4693.77,714.05,207.76,47.78,4.24,81.45
2024-04-24,3362.61,798.52,171.07,39.35,2.01,87.14
2024-04-25,3606.08,731.65,172.3,39.63,1.83,89.92
2024-04-26,3434.32,837.65,203.66,46.84,3.13,82.45
2024-04-27,2863.58,658.28,188.0,43.24,3.04,86.83
2024-04-28,4015.44,1003.03,185.76,42.72,3.14,76.65
2024-04-29,3815.97,706.23,219.7,50.53,3.2,82.66
2024-04-30,3831.37,868.64,163.28,37.55,2.82,84.88
2024-05-01,2976.88,566.18,194.45,44.72,4.19,81.36
2024-05-02,4128.56,817.4,176.77,40.66,1.72,81.25
2024-05-03,2721.7,579.04,180.73,41.57,2.34,82.33
2024-05-04,3711.39,880.96,205.65,47.3,2.92,86.17
2024-05-05,4508.4,1119.93,184.95,42.54,1.69,84.25
2024-05-06,2913.0,660.75,185.26,42.61,2.86,76.05
2024-05-07,3120.09,598.36,195.64,45.0,4.33,76.52
2024-05-08,3447.92,662.47,166.59,38.31,3.02,82.57
2024-05-09,3141.09,702.84,156.79,36.06,3.18,86.83
2024-05-10,2612.11,454.19,152.35,35.04,1.99,74.01
2024-05-11,3416.23,550.17,133.59,30.73,2.51,83.0
2024-05-12,2845.18,527.67,213.7,49.15,2.7,82.9
2024-05-13,3607.41,644.73,150.17,34.54,2.75,90.55
2024-05-14,2905.07,521.84,167.46,38.52,4.03,83.46
2024-05-15,4133.81,716.64,165.99,38.18,3.45,86.53
2024-05-16,2961.17,456.64,177.32,40.78,2.11,85.57
2024-05-17,3185.61,483.54,187.11,43.04,3.2,76.48
2024-05-18,3747.15,932.19,187.63,43.16,3.4,88.07
2024-05-19,2718.6,524.08,158.38,36.43,3.91,85.86
2024-05-20,3441.31,648.45,166.31,38.25,4.26,87.03
2024-05-21,3974.6,866.32,174.91,40.23,2.19,100.7
2024-05-22,2510.64,431.39,163.89,37.69,2.35,76.66
2024-05-23,3399.96,832.98,200.61,46.14,1.99,91.9
2024-05-24,3430.75,784.39,177.87,40.91,2.81,83.85
2024-05-25,3684.8,585.67,182.33,41.94,3.37,86.15
2024-05-26,2668.41,511.69,180.47,41.51,3.79,84.82
2024-05-27,2619.57,623.23,190.26,43.76,2.94,83.3
2024-05-28,3533.59,863.87,169.98,39.09,2.74,82.72
2024-05-29,3413.86,671.64,139.99,32.2,3.12,86.32
2024-05-30,3383.28,715.03,173.48,39.9,2.33,78.93
2024-05-31,3423.85,570.77,152.01,34.96,4.67,88.0
2024-06-01,2903.12,723.22,154.02,35.42,1.71,83.34
2024-06-02,3351.71,580.41,175.86,40.45,3.15,80.48
2024-06-03,3374.49,824.3,188.44,43.34,4.62,83.2
2024-06-04,2863.08,615.46,163.64,37.64,3.01,90.03
2024-06-05,4145.39,873.74,168.93,38.85,2.85,82.86
2024-06-06,3441.59,692.69,196.32,45.15,2.71,86.43
2024-06-07,2601.14,450.17,166.62,38.32,2.86,82.08
2024-06-08,3517.13,589.66,213.36,49.07,4.1,88.03
2024-06-09,2693.52,463.42,172.16,39.6,1.23,87.74
2024-06-10,3566.35,601.44,125.15,28.79,4.23,92.39
2024-06-11,3744.0,853.48,174.95,40.24,1.86,84.3
2024-06-12,2746.21,508.08,167.02,38.41,2.79,87.67
2024-06-13,3630.04,565.5,184.7,42.48,2.66,85.39
2024-06-14,3346.51,826.29,171.87,39.53,3.47,90.18
2024-06-15,3542.86,844.54,155.14,35.68,1.72,82.12
2024-06-16,4071.91,988.56,132.92,30.57,3.37,87.98
2024-06-17,2992.46,746.59,152.73,35.13,4.62,84.22
2024-06-18,2729.89,456.96,139.4,32.06,1.91,84.74
2024-06-19,2653.58,503.18,144.29,33.19,3.15,85.37
2024-06-20,2681.98,605.65,167.16,38.45,2.47,86.01
2024-06-21,3042.85,668.22,188.28,43.3,3.34,84.54
2024-06-22,3243.48,536.44,162.27,37.32,3.02,85.86
2024-06-23,3202.72,741.7,129.94,29.89,2.49,91.31
2024-06-24,3469.42,598.28,162.24,37.32,3.39,88.94
2024-06-25,3053.77,526.41,176.77,40.66,4.44,88.48
2024-06-26,3765.46,767.01,140.13,32.23,2.85,83.18
2024-06-27,2897.78,606.49,149.13,34.3,3.58,81.44
2024-06-28,4381.6,911.41,151.58,34.86,1.97,88.82
2024-06-29,3325.74,529.29,135.08,31.07,2.23,88.5
2024-06-30,2575.72,612.37,163.22,37.54,3.38,90.89
2024-07-01,2460.25,434.38,147.84,34.0,4.19,82.58
2024-07-02,3228.33,526.06,159.17,36.61,3.28,84.08
2024-07-03,2866.76,684.8,133.54,30.71,2.75,78.44
2024-07-04,3326.89,816.97,143.06,32.9,3.0,83.43
2024-07-05,3197.93,755.39,166.77,38.36,2.0,88.99
2024-07-06,2916.32,673.53,145.38,33.44,3.48,83.13
2024-07-07,2520.77,543.29,187.89,43.21,3.71,87.56
2024-07-08,2178.2,446.72,145.87,33.55,2.64,84.24
2024-07-09,2703.84,429.1,158.87,36.54,2.62,86.3
2024-07-10,3346.8,638.72,173.54,39.91,3.21,80.41
2024-07-11,3017.16,565.02,127.03,29.22,2.65,85.34
2024-07-12,2278.79,401.01,120.68,27.76,2.95,73.04
2024-07-13,2979.83,662.54,125.89,28.96,4.68,84.25
2024-07-14,3077.51,614.23,182.16,41.9,2.8,78.48
2024-07-15,2434.56,384.92,146.37,33.67,2.71,89.82
2024-07-16,2945.03,506.6,209.07,48.09,2.48,88.11
2024-07-17,2888.99,630.74,147.12,33.84,3.6,86.87
2024-07-18,2280.16,359.38,162.59,37.4,2.86,91.08
2024-07-19,3022.34,710.61,342.432,78.75936,2.48,81.2
2024-07-20,3115.69,621.63,360.0,82.8,4.06,91.99
2024-07-21,3368.72,667.2,362.88,83.4624,4.14,88.73
2024-07-22,3346.04,700.13,333.036,76.59828,2.52,84.05
2024-07-23,2122.31,493.37,327.25800000000004,75.26934000000001,1.51,89.54
2024-07-24,2334.29,431.33,312.588,71.89524,3.81,80.57
2024-07-25,3052.84,664.91,177.85,40.91,2.45,81.7
2024-07-26,3044.39,628.89,151.73,34.9,3.63,82.57
2024-07-27,3037.26,536.69,146.85,33.78,1.42,82.88
2024-07-28,4698.41,1117.58,163.61,37.63,3.71,80.77
2024-07-29,3049.87,700.68,160.73,36.97,2.03,89.89
2024-07-30,3324.65,717.61,155.52,35.77,3.58,83.96
2024-07-31,3226.38,758.39,178.97,41.16,3.01,86.41
2024-08-01,3067.66,726.21,184.59,42.46,2.24,82.72
2024-08-02,2577.0,569.1,167.69,38.57,2.67,77.72
2024-08-03,3106.86,726.08,195.91,45.06,3.55,86.08
2024-08-04,2333.79,512.84,143.95,33.11,3.08,77.35
2024-08-05,2594.7,565.68,163.34,37.57,3.47,84.73
2024-08-06,2463.43,521.9,153.3,35.26,4.58,79.53
2024-08-07,2740.13,617.27,130.72,30.07,1.75,92.95
2024-08-08,3849.69,638.51,166.8,38.37,4.29,88.65
2024-08-09,1751.99,417.13,166.43,38.28,3.08,85.42
2024-08-10,3022.1,716.8,199.53,45.89,2.28,90.05
2024-08-11,1866.06,285.37,182.27,41.92,1.94,81.61
2024-08-12,2430.0,565.17,149.56,34.4,2.85,87.17
2024-08-13,3204.09,521.9,207.51,47.73,3.74,85.8
2024-08-14,2685.5,492.82,195.22,44.9,2.9,86.06
2024-08-15,2108.34,473.01,182.81,42.05,4.21,90.09
2024-08-16,2283.51,379.24,167.0,38.41,1.84,87.93
2024-08-17,2975.02,689.6,152.7,35.12,2.99,86.15
2024-08-18,2264.21,528.04,164.79,37.9,2.0,78.38
2024-08-19,2731.9,548.42,194.35,44.7,3.29,81.16
2024-08-20,2640.84,397.81,210.61,48.44,3.71,84.51
2024-08-21,2286.76,408.65,204.11,46.95,2.66,85.37
2024-08-22,3679.15,778.85,163.79,37.67,0.92,80.48
2024-08-23,2918.87,724.23,151.49,34.84,3.16,94.65
2024-08-24,1584.19,337.72,177.01,40.71,3.35,91.07
2024-08-25,2684.96,472.5,139.13,32.0,3.32,87.41
2024-08-26,2255.93,481.42,181.25,41.69,3.99,85.29
2024-08-27,3008.25,613.68,172.13,39.59,2.14,84.15
2024-08-28,2181.12,497.26,166.04,38.19,3.54,81.19
2024-08-29,2515.47,404.23,143.74,33.06,3.95,85.31
2024-08-30,2820.92,637.82,186.17,42.82,1.58,86.03
2024-08-31,2997.02,611.77,165.5,38.06,3.26,80.03
2024-09-01,1959.85,482.71,153.0,35.19,2.6,86.34
2024-09-02,2388.72,439.97,119.2,27.42,2.93,84.38
2024-09-03,2314.61,493.62,176.32,40.55,3.28,77.37
2024-09-04,2221.66,540.31,212.55,48.89,2.61,81.56
2024-09-05,3427.42,549.25,210.54,48.42,2.46,83.35
2024-09-06,2743.7,668.7,168.39,38.73,3.03,92.55
2024-09-07,1907.41,417.32,165.68,38.11,2.13,87.23
2024-09-08,2993.57,469.34,187.3,43.08,2.13,79.66
2024-09-09,3592.64,647.02,158.14,36.37,3.54,86.94
2024-09-10,3044.85,672.36,184.32,42.39,2.08,78.81
2024-09-11,1766.13,276.82,193.77,44.57,3.53,89.33
2024-09-12,2281.04,474.95,203.15,46.72,3.37,83.12
2024-09-13,3154.1,582.21,176.76,40.65,1.62,84.63
2024-09-14,2164.43,459.06,174.83,40.21,2.46,90.3
2024-09-15,2737.94,423.22,161.48,37.14,3.96,79.85
2024-09-16,2901.26,688.04,162.63,37.4,2.22,79.41
2024-09-17,2048.53,506.7,174.75,40.19,2.63,82.67
2024-09-18,2480.43,612.39,186.74,42.95,3.37,89.15
2024-09-19,887.9,199.75,197.76,45.48,3.63,78.92
2024-09-20,1994.83,325.17,163.51,37.61,2.8,73.67
2024-09-21,2379.38,537.33,209.51,48.19,2.52,83.2
2024-09-22,1880.55,286.71,174.31,40.09,4.14,87.21
2024-09-23,3319.58,505.28,179.37,41.26,4.39,89.8
2024-09-24,1787.38,325.95,164.91,37.93,3.78,83.15
2024-09-25,2281.65,453.74,131.41,30.23,3.07,83.35
2024-09-26,2566.41,582.68,197.62,45.45,2.35,89.62
2024-09-27,3221.2,703.28,194.7,44.78,2.34,77.52
2024-09-28,1782.3,346.82,174.36,40.1,3.42,83.45
2024-09-29,3081.62,546.56,181.34,41.71,3.33,85.76
2024-09-30,2505.12,625.56,190.32,43.77,4.12,86.8
2024-10-01,2009.36,387.04,148.74,34.21,3.52,82.96
2024-10-02,2731.43,533.01,169.4,38.96,1.8,85.14
2024-10-03,2600.31,432.59,195.84,45.04,3.84,75.05
2024-10-04,2201.23,505.14,154.83,35.61,2.2,82.37
2024-10-05,2536.94,556.52,185.75,42.72,2.69,86.81
2024-10-06,2310.23,397.54,152.69,35.12,3.2,81.07
2024-10-07,2560.65,405.19,189.1,43.49,4.6,85.24
2024-10-08,2836.1,618.41,178.99,41.17,5.49,86.79
2024-10-09,3299.33,710.85,147.32,33.88,3.49,83.63
2024-10-10,1888.86,334.94,202.83,46.65,2.85,85.68
2024-10-11,3575.86,876.4,164.75,37.89,3.43,81.15
2024-10-12,1535.03,253.44,163.13,37.52,3.71,84.17
2024-10-13,2437.06,470.92,183.23,42.14,2.74,87.44
2024-10-14,2809.13,686.44,202.07,46.48,4.44,85.63
2024-10-15,2657.63,510.19,158.66,36.49,3.18,82.65
2024-10-16,2208.09,472.2,180.07,41.42,3.4,85.9
2024-10-17,2417.82,458.8,187.26,43.07,3.53,87.86
2024-10-18,2277.97,404.16,192.39,44.25,3.34,76.8
2024-10-19,2232.52,554.55,181.9,41.84,3.67,89.64
2024-10-20,2954.87,564.18,170.86,39.3,2.51,83.65
2024-10-21,2711.59,649.18,161.46,37.14,2.55,86.7
2024-10-22,2189.77,378.82,179.55,41.3,2.12,89.79
2024-10-23,2989.31,512.1,156.19,35.92,3.35,79.51
2024-10-24,2696.59,412.88,119.0,27.37,3.62,82.16
2024-10-25,2952.92,635.37,185.94,42.77,3.37,83.85
2024-10-26,2865.0,535.33,195.07,44.87,4.34,81.86
2024-10-27,2139.51,505.86,129.5,29.79,3.0,91.94
2024-10-28,2277.88,449.47,156.33,35.96,3.53,81.57
2024-10-29,2935.7,724.59,188.66,43.39,2.13,82.78
2024-10-30,2871.46,483.99,217.17,49.95,2.69,85.82
2024-10-31,2560.17,606.41,176.18,40.52,3.56,80.19
2024-11-01,2633.76,599.6,160.93,37.01,3.68,83.42
2024-11-02,3218.52,730.9,171.56,39.46,2.76,86.27
2024-11-03,2288.63,536.63,202.43,46.56,2.94,83.67
2024-11-04,2862.81,647.29,161.73,37.2,1.79,84.63
2024-11-05,2493.13,530.1,158.36,36.42,2.71,82.88
2024-11-06,2490.48,406.26,164.39,37.81,3.71,78.94
2024-11-07,3153.92,483.35,154.66,35.57,3.46,86.29
2024-11-08,3022.56,731.72,175.86,40.45,3.4,92.02
2024-11-09,3022.05,639.66,205.58,47.28,3.04,85.07
2024-11-10,3273.59,751.79,179.21,41.22,3.01,85.9
2024-11-11,2637.02,522.53,167.36,38.49,2.47,87.77
2024-11-12,2973.27,480.87,166.23,38.23,3.56,79.92
2024-11-13,2483.04,403.54,140.45,32.3,3.34,91.81
2024-11-14,2806.25,613.33,189.01,43.47,3.39,85.81
2024-11-15,2585.2,499.02,169.43,38.97,2.58,91.53
2024-11-16,2704.97,459.99,167.0,38.41,1.28,82.07
2024-11-17,2960.36,589.58,234.1,53.84,3.88,92.27
2024-11-18,2260.07,353.52,175.82,40.44,2.62,88.1
2024-11-19,3721.88,774.88,154.42,35.52,2.31,87.21
2024-11-20,2179.28,385.51,160.54,36.92,3.55,85.94
2024-11-21,2081.88,478.32,191.63,44.07,2.69,84.01
2024-11-22,3274.82,592.86,170.52,39.22,3.85,89.8
2024-11-23,3098.47,605.82,139.08,31.99,3.49,85.56
2024-11-24,3021.66,456.76,185.81,42.74,3.55,77.13
2024-11-25,3030.82,476.58,153.64,35.34,1.91,80.53
2024-11-26,2717.66,514.32,204.04,46.93,3.97,84.26
2024-11-27,2282.37,451.9,187.74,43.18,3.21,86.24
2024-11-28,2776.19,583.01,156.76,36.05,2.7,84.77
2024-11-29,2407.08,431.27,190.88,43.9,3.11,89.88
2024-11-30,3240.67,711.32,166.17,38.22,1.58,77.2
2024-12-01,2687.1,634.19,181.42,41.73,3.33,85.57
2024-12-02,2355.48,537.01,173.6,39.93,2.18,77.73
2024-12-03,2615.19,402.64,146.52,33.7,1.92,88.04
2024-12-04,2990.08,592.19,150.11,34.53,1.78,84.62
2024-12-05,2509.54,402.76,183.12,42.12,3.89,86.68
2024-12-06,2388.15,416.03,155.35,35.73,2.5,81.54
2024-12-07,2929.01,728.35,153.5,35.3,4.23,90.12
2024-12-08,2937.62,482.5,141.99,32.66,2.57,89.17
2024-12-09,2569.69,513.65,169.08,38.89,1.63,87.33
2024-12-10,2595.72,549.81,201.38,46.32,2.11,84.48
2024-12-11,2955.39,650.91,138.29,31.81,3.99,87.32
2024-12-12,2123.5,437.37,159.63,36.72,2.88,82.17
2024-12-13,2152.03,324.91,186.9,42.99,2.56,88.42
2024-12-14,2504.8,457.49,156.57,36.01,3.13,91.6
2024-12-15,2765.6,558.02,166.71,38.34,3.4,89.28
2024-12-16,3036.12,482.09,135.91,31.26,3.89,82.08
2024-12-17,3626.72,671.17,165.22,38.0,4.16,86.45
2024-12-18,3326.28,509.99,152.41,35.05,2.71,79.83
2024-12-19,2825.92,446.09,175.36,40.33,1.94,87.29
2024-12-20,2904.85,551.03,178.89,41.14,2.67,86.8
2024-12-21,2421.58,395.38,206.42,47.48,3.21,77.52
2024-12-22,2922.1,604.16,165.71,38.11,2.23,80.35
2024-12-23,2795.57,612.08,160.12,36.83,2.23,83.87
2024-12-24,3109.81,715.44,156.98,36.11,3.28,83.8
2024-12-25,2543.4,432.42,145.52,33.47,2.96,80.16
2024-12-26,3225.27,537.81,158.83,36.53,3.03,86.56
2024-12-27,3740.56,600.2,145.64,33.5,2.39,86.01
2024-12-28,2928.41,625.63,154.4,35.51,2.82,84.22
2024-12-29,3192.25,704.36,176.87,40.68,2.26,81.98
2024-12-30,3345.07,512.33,129.87,29.87,3.71,89.19
2024-12-31,2808.0,684.09,173.31,39.86,3.83,91.62
2025-01-01,3120.65,484.32,176.86,40.68,1.52,83.07
2025-01-02,3023.51,617.19,148.67,34.19,2.26,82.55
2025-01-03,3074.65,679.21,109.11,25.1,1.8,86.96
2025-01-04,2647.9,627.81,139.91,32.18,2.48,83.57
2025-01-05,3055.24,676.46,178.52,41.06,2.93,84.44
2025-01-06,3300.55,759.7,152.64,35.11,1.84,87.96
2025-01-07,3785.68,696.36,133.62,30.73,2.26,77.36
2025-01-08,3548.27,821.36,144.02,33.13,2.2,90.27
2025-01-09,4153.75,656.34,171.44,39.43,3.17,85.29
2025-01-10,2701.97,647.07,166.07,38.2,3.06,83.35
2025-01-11,3530.27,722.86,150.87,34.7,2.42,84.64
2025-01-12,3194.22,740.2,148.82,34.23,3.14,84.85
2025-01-13,4205.86,821.12,148.82,34.23,2.56,78.08
2025-01-14,2715.19,582.02,138.71,31.9,2.78,90.98
2025-01-15,2707.82,548.71,189.97,43.69,4.34,85.17
2025-01-16,2836.28,632.94,151.71,34.89,4.07,86.77
2025-01-17,2082.29,329.34,183.0,42.09,1.96,88.81
2025-01-18,2889.58,450.88,189.57,43.6,3.66,80.92
2025-01-19,2781.07,485.88,179.6,41.31,3.65,86.89
2025-01-20,3243.96,538.35,151.49,34.84,2.08,83.93
2025-01-21,3347.72,794.01,168.68,38.8,3.66,88.39
2025-01-22,4122.95,708.82,160.61,36.94,4.23,76.49
2025-01-23,3668.04,908.16,143.5,33.0,2.1,84.6
2025-01-24,2912.29,534.96,168.53,38.76,2.27,82.59
2025-01-25,2759.39,464.16,138.94,31.96,3.81,86.73
2025-01-26,3462.35,792.77,186.74,42.95,3.22,86.88
2025-01-27,2564.0,553.49,154.15,35.46,3.44,82.17
2025-01-28,4147.5,828.75,167.93,38.62,3.27,82.15
2025-01-29,3829.09,787.02,170.03,39.11,3.31,84.56
2025-01-30,3012.3,668.49,159.64,36.72,1.94,81.41
2025-01-31,2397.77,414.44,176.99,40.71,3.84,88.37
2025-02-01,3938.64,983.22,156.2,35.93,3.94,83.52
2025-02-02,3211.73,794.84,183.57,42.22,2.82,73.37
2025-02-03,3895.13,837.58,139.65,32.12,2.97,83.5
2025-02-04,2486.14,422.53,169.53,38.99,1.78,80.85
2025-02-05,2990.71,652.04,206.2,47.43,3.41,78.47
2025-02-06,3299.99,518.82,147.84,34.0,3.46,80.05
2025-02-07,3327.73,509.36,154.7,35.58,2.95,85.44
2025-02-08,3085.99,542.42,178.94,41.16,3.9,90.31
2025-02-09,3629.14,712.26,172.65,39.71,2.73,86.25
2025-02-10,2790.5,660.87,176.47,40.59,3.45,82.57
2025-02-11,3259.63,725.97,179.63,41.32,2.18,86.82
2025-02-12,3397.37,761.93,182.93,42.07,2.98,83.16
2025-02-13,3600.75,693.32,192.81,44.35,2.86,82.22
2025-02-14,3705.54,684.02,179.18,41.21,3.18,80.38
2025-02-15,2793.51,522.68,166.52,38.3,2.7,77.99
2025-02-16,2594.76,645.49,185.16,42.59,2.89,83.44
2025-02-17,4006.55,617.05,210.06,48.31,3.66,85.63
2025-02-18,3539.64,837.84,169.76,39.04,2.65,84.61
2025-02-19,3004.91,624.62,153.26,35.25,1.71,83.34
2025-02-20,4160.28,806.52,195.22,44.9,4.4,81.22
2025-02-21,3447.99,767.27,171.0,39.33,4.11,87.43
2025-02-22,3985.12,791.71,130.27,29.96,1.97,79.73
2025-02-23,3434.44,815.14,190.99,43.93,3.55,88.1
2025-02-24,4436.14,1064.99,163.64,37.64,2.6,80.99
2025-02-25,4288.41,824.11,172.83,39.75,3.21,81.99
2025-02-26,3291.1,584.77,181.57,41.76,3.24,79.13
2025-02-27,3906.09,817.29,179.03,41.18,2.81,82.99
2025-02-28,3747.6,904.06,189.68,43.63,2.37,88.9
2025-03-01,4113.7,703.71,167.05,38.42,2.45,87.06
2025-03-02,2951.27,626.54,186.29,42.85,2.27,88.91
2025-03-03,3780.97,805.94,171.09,39.35,2.33,87.09
2025-03-04,3971.25,886.82,191.3,44.0,2.95,80.59
2025-03-05,2566.62,418.76,189.07,43.49,2.43,83.68
2025-03-06,2858.19,633.32,158.28,36.4,3.55,81.88
2025-03-07,2433.89,586.33,198.93,45.75,4.19,90.32
2025-03-08,3322.36,558.05,166.7,38.34,2.54,80.21
2025-03-09,3819.26,663.61,193.79,44.57,3.19,88.57
2025-03-10,4214.95,1041.68,185.17,42.59,3.4,88.57
2025-03-11,3503.97,589.01,214.78,49.4,3.38,92.32
2025-03-12,4284.24,1008.67,173.73,39.96,3.06,83.36
2025-03-13,2782.75,554.4,171.38,39.42,3.59,87.85
2025-03-14,2623.84,458.44,178.14,40.97,3.39,94.13
2025-03-15,3450.34,817.99,172.62,39.7,2.01,82.53
2025-03-16,3672.6,714.43,194.83,44.81,3.7,78.86
2025-03-17,3466.52,698.44,146.65,33.73,3.71,77.48
2025-03-18,2451.31,455.76,158.03,36.35,2.39,87.85
2025-03-19,3442.49,720.5,157.87,36.31,3.03,77.47
2025-03-20,2836.69,471.89,198.34,45.62,3.55,83.51
2025-03-21,3825.49,723.43,213.65,49.14,2.83,86.75
2025-03-22,3675.54,907.64,177.45,40.81,3.86,85.74
2025-03-23,3023.73,531.61,176.24,40.54,4.89,86.7
2025-03-24,3238.03,698.36,181.1,41.65,2.37,85.89
2025-03-25,2966.5,541.44,203.0,46.69,1.9,90.12
2025-03-26,3465.77,787.93,161.28,37.09,3.24,81.19
2025-03-27,3975.53,648.36,184.64,42.47,3.58,82.29
2025-03-28,3005.8,742.38,199.42,45.87,2.82,81.91
2025-03-29,3751.24,732.91,189.97,43.69,4.16,88.32
2025-03-30,3234.5,561.52,183.77,42.27,1.93,88.6
2025-03-31,3103.45,488.33,200.01,46.0,3.55,86.8
2025-04-01,3446.48,575.48,125.94,28.97,2.52,89.73
2025-04-02,2982.34,602.36,193.56,44.52,4.38,80.29
2025-04-03,3222.95,592.06,166.9,38.39,4.59,91.67
2025-04-04,2900.5,675.49,143.35,32.97,2.39,91.09
2025-04-05,4481.32,865.29,190.16,43.74,2.56,87.94
2025-04-06,3515.96,614.84,207.37,47.7,3.69,92.13
2025-04-07,3147.69,666.41,177.1,40.73,2.69,78.37
2025-04-08,3603.62,795.24,198.86,45.74,2.96,82.9
2025-04-09,3439.39,573.36,211.98,48.76,3.02,82.06
2025-04-10,3383.85,564.3,205.96,47.37,1.46,87.89
2025-04-11,3800.06,583.94,212.38,48.85,2.99,80.8
2025-04-12,3870.22,865.54,194.33,44.7,2.45,88.03
2025-04-13,3224.56,697.73,180.9,41.61,2.61,90.48
2025-04-14,3200.1,631.9,147.24,33.87,4.15,87.78
2025-04-15,3348.53,784.95,174.24,40.08,1.99,86.14
2025-04-16,2333.01,537.91,162.17,37.3,3.65,81.05
2025-04-17,2724.14,568.08,222.32,51.13,2.78,81.61
2025-04-18,4162.8,985.86,175.24,40.31,2.78,90.0
2025-04-19,4299.32,733.4,181.07,41.65,3.63,88.12
2025-04-20,3349.66,539.94,189.48,43.58,3.27,84.84
2025-04-21,3759.66,665.37,179.15,41.21,3.46,83.33
2025-04-22,3624.07,564.3,212.01,48.76,3.77,76.9
2025-04-23,5004.8,1016.56,165.47,38.06,2.73,80.72
2025-04-24,4021.93,979.99,181.62,41.77,2.51,92.65
2025-04-25,3394.83,522.58,162.68,37.42,2.13,79.88
2025-04-26,2977.53,482.99,150.92,34.71,2.34,85.76
2025-04-27,2648.45,517.03,164.87,37.92,5.36,89.03
2025-04-28,3549.65,863.94,176.13,40.51,4.0,79.98
2025-04-29,3065.85,556.81,168.06,38.65,1.92,85.74
2025-04-30,2728.88,547.75,162.55,37.39,1.94,88.75
2025-05-01,3112.57,479.82,148.02,34.05,3.39,85.05
2025-05-02,2890.8,476.5,174.23,40.07,3.44,96.47
2025-05-03,4270.73,1061.97,145.54,33.47,3.44,78.33
2025-05-04,3863.44,952.38,190.56,43.83,2.8,89.23
2025-05-05,3413.98,513.78,176.73,40.65,2.9,84.31
2025-05-06,4153.15,1018.27,145.64,33.5,3.26,88.09
2025-05-07,3446.95,737.34,168.31,38.71,3.07,86.77
2025-05-08,2972.6,703.89,159.15,36.6,1.22,82.07
2025-05-09,4159.65,813.1,180.27,41.46,2.82,85.92
2025-05-10,3662.28,738.17,200.38,46.09,2.32,77.57
2025-05-11,2868.82,570.56,135.74,31.22,3.14,87.41
2025-05-12,3286.77,712.2,175.22,40.3,5.39,86.19
2025-05-13,2938.52,481.82,169.38,38.96,3.29,87.55
2025-05-14,2679.21,409.91,185.66,42.7,2.75,89.23
2025-05-15,3827.87,692.05,176.15,40.51,10.48410267010663,74.67577020030114
2025-05-16,4313.55,951.0,156.49,35.99,11.227172409287636,69.07750511222132
2025-05-17,2653.51,451.59,164.79,37.9,14.295292798295026,64.75955746334614
2025-05-18,3628.13,788.55,154.88,35.62,12.99739074345261,64.08424764473352
2025-05-19,3015.07,744.69,191.94,44.15,10.61315382843285,63.21663432910064
2025-05-20,3090.47,492.59,170.47,39.21,9.603601245606852,70.90320456226073
2025-05-21,3031.38,658.6,207.68,47.77,11.509474023585343,61.863432770243485
2025-05-22,2889.03,561.56,168.05,38.65,11.679814830974342,65.22611354499992
2025-05-23,3338.64,790.64,154.69,35.58,12.744298781044975,65.25598950940542
2025-05-24,2892.17,485.06,138.18,31.78,11.197024931148512,62.49107903594234
2025-05-25,3436.04,753.4,131.99,30.36,12.767249363042792,58.13767226057949
2025-05-26,3268.77,764.28,135.95,31.27,2.76,92.76
2025-05-27,3167.41,774.31,172.56,39.69,3.78,81.49
2025-05-28,2826.01,616.99,176.96,40.7,3.73,83.49
2025-05-29,2984.23,596.0,134.73,30.99,2.0,85.93
2025-05-30,3643.06,771.54,183.82,42.28,3.04,87.59
2025-05-31,3508.49,831.13,155.82,35.84,2.43,84.14
2025-06-01,2761.84,571.87,167.97,38.63,1.99,81.51
2025-06-02,3292.8,503.93,196.83,45.27,2.83,88.53
2025-06-03,3611.27,877.88,182.07,41.88,2.75,87.88
2025-06-04,2393.25,524.01,158.31,36.41,4.94,81.33
2025-06-05,3491.94,760.03,145.39,33.44,3.35,90.42
2025-06-06,2881.19,494.32,119.71,27.53,1.9,89.68
2025-06-07,3489.98,753.45,147.9,34.02,2.55,85.54
2025-06-08,2815.17,533.15,157.59,36.24,3.82,85.32
2025-06-09,2286.41,491.86,141.59,32.57,4.67,87.22
2025-06-10,2367.09,380.29,158.23,36.39,1.73,81.55
2025-06-11,3196.85,689.83,161.91,37.24,1.5,85.12
2025-06-12,3294.57,823.45,155.39,35.74,4.5,76.39
2025-06-13,2704.4,418.7,146.39,33.67,3.31,88.51
2025-06-14,3467.65,859.0,162.27,37.32,2.31,78.75
2025-06-15,2309.36,440.37,167.25,38.47,3.43,91.01
2025-06-16,3098.79,734.65,136.1,31.3,0.89,83.68
2025-06-17,2518.0,574.71,185.63,42.69,3.0,84.15
2025-06-18,2789.23,576.54,154.94,35.64,3.26,82.49
2025-06-19,3130.46,700.74,156.78,36.06,3.74,83.85
2025-06-20,2668.13,634.62,170.06,39.11,2.19,90.67
2025-06-21,2897.61,551.74,160.06,36.81,3.07,75.05
2025-06-22,3584.55,654.91,173.95,40.01,2.26,90.11
2025-06-23,2784.45,603.56,160.12,36.83,3.2,86.35
2025-06-24,3482.22,803.64,141.61,32.57,2.28,80.17
2025-06-25,2490.98,563.53,160.58,36.93,2.67,80.7
2025-06-26,3312.17,761.08,129.96,29.89,2.2,91.71
2025-06-27,3759.48,727.68,154.49,35.53,3.52,81.22
2025-06-28,1794.28,415.89,151.14,34.76,3.69,80.39
2025-06-29,2623.06,424.99,147.13,33.84,2.81,89.55
2025-06-30,3301.45,674.98,148.2,34.09,3.03,86.35
2025-07-01,2902.78,437.09,112.62,25.9,1.84,81.25
2025-07-02,3181.27,580.45,139.28,32.04,2.76,85.87
2025-07-03,2685.1,501.16,152.63,35.11,2.96,80.9
2025-07-04,3021.78,572.98,154.49,35.53,5.1,89.4
2025-07-05,2892.05,634.94,131.25,30.19,2.11,89.25
2025-07-06,3545.2,669.53,177.64,40.86,4.17,87.13
2025-07-07,3079.94,600.19,135.51,31.17,3.8,86.45
2025-07-08,3112.97,540.89,172.74,39.73,3.22,92.04
2025-07-09,2729.69,511.34,162.41,37.35,4.41,85.0
2025-07-10,2683.3,463.48,141.45,32.53,3.3,80.27
2025-07-11,2702.32,425.13,190.39,43.79,3.31,86.8
2025-07-12,3107.34,653.61,131.52,30.25,2.96,93.34
2025-07-13,2691.17,583.5,174.28,40.09,3.98,80.94
2025-07-14,3038.13,643.93,176.42,40.58,3.88,83.55
2025-07-15,3922.55,770.19,143.5,33.0,2.5,86.67
2025-07-16,3312.05,622.59,185.26,42.61,1.94,84.78
2025-07-17,2705.16,639.32,152.91,35.17,2.84,81.07
2025-07-18,3460.49,698.7,164.18,37.76,2.36,89.49
2025-07-19,2647.61,524.01,164.11,37.74,2.95,94.28
2025-07-20,1824.38,278.34,156.71,36.04,3.99,85.78
2025-07-21,2331.25,429.24,176.1,40.5,2.63,81.38
2025-07-22,1891.8,355.7,176.24,40.53,2.97,78.8
2025-07-23,2643.39,501.93,125.88,28.95,3.05,86.03
2025-07-24,2820.36,586.68,187.42,43.11,3.68,89.42
2025-07-25,3641.42,740.52,128.56,29.57,1.2,86.9
2025-07-26,2958.79,623.68,182.93,42.07,2.51,84.99
2025-07-27,2677.95,606.52,185.28,42.62,3.17,82.64
2025-07-28,3194.44,738.87,141.4,32.52,3.96,80.63
2025-07-29,1666.48,369.65,155.46,35.76,2.61,88.34
2025-07-30,2882.23,707.74,142.02,32.66,1.5,88.66
2025-07-31,3142.3,477.07,160.29,36.87,3.5,78.82
2025-08-01,2010.09,340.87,158.88,36.54,2.49,91.36
2025-08-02,3313.85,499.58,181.08,41.65,2.05,87.3
2025-08-03,2903.88,623.6,192.13,44.19,2.5,90.6
2025-08-04,2519.74,604.24,194.27,44.68,2.85,79.63
2025-08-05,3036.6,529.43,155.54,35.78,2.52,79.54
2025-08-06,3848.46,934.03,163.03,37.5,1.24,84.4
2025-08-07,2797.04,436.41,133.96,30.81,3.72,87.01
2025-08-08,2823.3,687.31,151.93,34.94,4.02,92.19
2025-08-09,2462.68,455.99,187.76,43.18,3.52,87.82
2025-08-10,2260.7,362.03,201.17,46.27,2.09,84.03
2025-08-11,3094.14,614.46,144.57,33.25,2.84,80.89
2025-08-12,2244.38,394.29,157.81,36.3,2.99,89.92
2025-08-13,2701.75,482.23,169.51,38.99,3.48,81.14
2025-08-14,2420.78,437.51,176.03,40.49,3.53,91.51
2025-08-15,2892.85,666.23,154.61,35.56,2.41,83.86
2025-08-16,2814.04,573.83,179.65,41.32,3.07,91.36
2025-08-17,3159.93,572.36,162.05,37.27,3.37,87.72
2025-08-18,2380.21,502.3,171.6,39.47,4.16,84.45
2025-08-19,2494.45,552.81,183.16,42.13,3.56,82.92
2025-08-20,2134.28,378.33,172.71,39.72,3.63,83.64
2025-08-21,2395.91,458.47,164.19,37.76,3.07,86.71
2025-08-22,2801.21,454.32,171.05,39.34,4.13,85.31
2025-08-23,2985.67,501.94,171.8,39.51,3.33,82.62
2025-08-24,2140.83,466.94,166.49,38.29,2.31,84.34
2025-08-25,3031.56,509.74,169.02,38.87,4.12,85.31
2025-08-26,3269.55,662.14,206.47,47.49,3.56,76.49
2025-08-27,2793.54,617.11,186.01,42.78,2.65,86.83
2025-08-28,3520.44,565.69,169.17,38.91,2.62,81.08
2025-08-29,2190.48,452.84,189.3,43.54,3.24,80.39
2025-08-30,1950.51,342.62,168.95,38.86,3.37,78.25
2025-08-31,1679.07,413.54,199.36,45.85,3.16,77.82
2025-09-01,3312.17,656.98,183.54,42.22,3.25,79.58
2025-09-02,2887.18,665.78,174.25,40.08,4.36,82.16
2025-09-03,2528.18,518.33,185.6,42.69,3.86,92.81
2025-09-04,2692.06,415.5,145.46,33.46,3.15,82.9
2025-09-05,1985.58,423.55,154.57,35.55,3.75,85.71
2025-09-06,3767.57,923.58,153.44,35.29,2.17,86.6
2025-09-07,2605.82,547.64,180.39,41.49,3.32,85.52
2025-09-08,2592.55,601.26,212.38,48.85,4.45,84.69
2025-09-09,2897.52,690.83,222.55,51.19,2.83,80.22
2025-09-10,2772.06,479.03,190.87,43.9,2.32,90.8
2025-09-11,2640.56,452.08,188.3,43.31,2.48,92.23
2025-09-12,2130.58,449.76,142.43,32.76,2.13,78.27
2025-09-13,2758.89,527.23,167.76,38.58,2.37,80.9
2025-09-14,3461.65,809.98,163.01,37.49,2.7,83.88
2025-09-15,3190.97,765.84,166.49,38.29,1.88,81.14
2025-09-16,3312.62,613.97,175.68,40.41,3.01,87.02
2025-09-17,2258.33,392.24,169.72,39.04,3.72,82.09
2025-09-18,2017.19,460.03,139.69,32.13,2.27,93.66
2025-09-19,2447.3,434.35,194.35,44.7,4.22,89.76
2025-09-20,2536.4,589.11,158.03,36.35,3.41,85.85
2025-09-21,3054.12,587.53,184.36,42.4,3.82,89.11
2025-09-22,1659.43,359.69,221.14,50.86,2.47,89.42
2025-09-23,3269.22,521.62,161.35,37.11,3.68,82.74
2025-09-24,2424.37,514.9,129.19,29.71,2.13,81.74
2025-09-25,2289.01,446.76,174.13,40.05,3.71,85.31
2025-09-26,1995.62,416.41,201.92,46.44,3.14,88.45
2025-09-27,1673.61,279.16,219.1,50.39,3.44,85.56
2025-09-28,2912.15,651.41,155.38,35.74,2.06,78.69
2025-09-29,2536.89,599.41,189.92,43.68,2.28,81.79
2025-09-30,1855.06,318.47,170.69,39.26,3.48,84.7
2025-10-01,1852.47,295.6,177.88,40.91,2.24,84.7
2025-10-02,2332.22,355.35,232.88,53.56,3.37,92.89
2025-10-03,3334.89,714.32,149.92,34.48,1.91,79.46
2025-10-04,2370.99,499.59,185.03,42.56,3.68,87.02
2025-10-05,1749.77,358.12,189.27,43.53,2.01,90.96
2025-10-06,2379.17,412.06,201.59,46.37,3.44,94.09
2025-10-07,2366.53,447.49,181.79,41.81,3.5,83.38
2025-10-08,1155.45,242.01,185.93,42.76,2.44,86.97
2025-10-09,2477.89,494.78,171.87,39.53,3.47,87.28
2025-10-10,2390.86,594.79,185.0,42.55,3.21,85.78
2025-10-11,2855.87,467.35,172.67,39.71,2.57,84.6
2025-10-12,3433.82,753.77,191.87,44.13,2.19,86.74
2025-10-13,3074.36,585.46,171.94,39.55,1.43,74.87
2025-10-14,2378.51,458.62,186.77,42.96,3.28,87.73
2025-10-15,1961.71,435.03,178.52,41.06,1.75,85.5
2025-10-16,3803.81,833.96,201.49,46.34,3.08,84.11
2025-10-17,2549.04,635.03,177.81,40.9,2.79,93.19
2025-10-18,2528.85,411.8,143.23,32.94,3.54,82.3
2025-10-19,2512.41,403.02,203.77,46.87,2.76,83.39
2025-10-20,2626.24,584.17,160.25,36.86,2.74,92.97
2025-10-21,2457.89,510.85,165.12,37.98,3.59,81.67
2025-10-22,2246.25,398.52,166.1,38.2,3.27,82.8
2025-10-23,2262.8,357.39,205.32,47.22,3.25,84.41
2025-10-24,2523.14,400.08,134.92,31.03,3.38,88.36
2025-10-25,2271.22,543.77,240.18,55.24,1.77,85.83
2025-10-26,2190.07,370.53,198.33,45.62,3.61,79.83
2025-10-27,2603.4,474.7,181.45,41.73,3.49,82.87
2025-10-28,2426.52,418.98,175.66,40.4,2.19,82.57
2025-10-29,3309.96,614.0,182.23,41.91,2.8,84.69
2025-10-30,1236.57,194.07,186.7,42.94,2.97,86.7
2025-10-31,3112.03,628.34,188.93,43.45,2.89,86.67
2025-11-01,3193.66,500.64,186.88,42.98,3.27,77.9
2025-11-02,1538.4,353.89,177.29,40.78,4.15,89.26
2025-11-03,2408.35,417.54,171.27,39.39,3.87,86.01
2025-11-04,2398.69,489.34,171.91,39.54,1.95,90.54
2025-11-05,1885.51,448.77,170.75,39.27,3.5,86.78
2025-11-06,2205.32,474.34,197.02,45.31,4.06,89.41
2025-11-07,2044.03,415.54,185.91,42.76,3.31,86.87
2025-11-08,3480.66,634.99,114.92,26.43,3.87,90.38
2025-11-09,3077.69,564.14,186.53,42.9,4.61,87.09
2025-11-10,3251.07,705.32,176.98,40.7,3.82,84.61
2025-11-11,2981.68,743.67,172.37,39.65,3.2,94.09
2025-11-12,2061.99,445.77,164.64,37.87,3.84,88.56
2025-11-13,2370.03,487.7,194.54,44.75,3.12,87.29
2025-11-14,2882.87,643.07,190.66,43.85,3.02,79.89
2025-11-15,2033.11,399.55,155.89,35.86,2.72,79.85
2025-11-16,3006.77,469.1,179.12,41.2,4.25,86.17
2025-11-17,2536.31,523.06,151.18,34.77,2.35,85.58
2025-11-18,2475.37,608.35,142.64,32.81,4.23,82.54
2025-11-19,3024.66,506.72,157.31,36.18,3.4,85.56
2025-11-20,2897.82,634.62,186.71,42.94,1.88,91.35
2025-11-21,2501.8,425.54,188.13,43.27,3.29,87.78
2025-11-22,3268.64,665.44,178.92,41.15,1.32,80.44
2025-11-23,2155.23,344.12,182.76,42.03,3.5,84.55
2025-11-24,3010.6,587.18,178.17,40.98,3.71,81.78
2025-11-25,3006.15,678.24,154.59,35.56,2.53,83.45
2025-11-26,2561.88,473.32,175.64,40.4,3.1,83.35
2025-11-27,2886.85,624.98,182.58,41.99,4.56,83.09
2025-11-28,2105.44,483.29,181.23,41.68,2.6,79.98
2025-11-29,3200.31,776.77,189.48,43.58,2.15,84.49
2025-11-30,2653.21,460.24,179.43,41.27,4.19,82.76
2025-12-01,2491.75,473.26,171.84,39.52,4.57,73.28
2025-12-02,3285.14,542.84,185.77,42.73,3.0,93.21
2025-12-03,2416.05,602.2,163.38,37.58,3.81,89.36
2025-12-04,2071.65,502.79,145.81,33.54,4.07,83.49
2025-12-05,2005.3,409.07,159.72,36.74,2.41,85.08
2025-12-06,3094.41,724.72,147.62,33.95,2.61,80.31
2025-12-07,2159.04,436.33,148.54,34.16,3.98,91.78
2025-12-08,3684.57,782.45,158.68,36.5,4.35,92.59
2025-12-09,1774.17,281.94,145.24,33.41,3.45,85.63
2025-12-10,3671.39,828.0,154.45,35.52,2.3,89.09
2025-12-11,2936.75,478.02,122.25,28.12,4.59,85.7
2025-12-12,2791.01,649.21,163.9,37.7,2.58,79.65
2025-12-13,2575.08,587.64,159.17,36.61,2.73,83.35
2025-12-14,3055.33,674.84,142.31,32.73,3.27,85.53
2025-12-15,2845.2,437.07,171.34,39.41,4.24,83.18
2025-12-16,3423.97,617.39,176.41,40.57,3.68,84.13
2025-12-17,2937.78,517.96,125.01,28.75,3.33,84.63
2025-12-18,2964.19,551.38,141.4,32.52,3.37,84.68
2025-12-19,2715.64,431.15,140.77,32.38,3.03,85.21
2025-12-20,2877.41,701.21,136.85,31.48,3.45,80.76
2025-12-21,3068.25,630.16,171.73,39.5,0.98,82.13
2025-12-22,2067.76,373.34,150.75,34.67,2.76,79.86
2025-12-23,2257.27,428.2,148.83,34.23,3.19,88.91
2025-12-24,3311.53,644.82,113.53,26.11,2.08,76.58
2025-12-25,3033.88,637.3,165.8,38.13,3.31,89.61
2025-12-26,2865.03,577.5,127.79,29.39,2.84,90.55
2025-12-27,2974.82,719.72,153.26,35.25,4.4,83.79
2025-12-28,3147.98,628.64,157.1,36.13,4.26,74.59
2025-12-29,2712.91,676.1,178.25,41.0,2.63,83.55
2025-12-30,2602.24,611.9,124.34,28.6,2.88,84.74
